{"suspicious-document":"suspicious-document044-batch1.html",
"language":"en",
"plagiarism":[{
"id":3,
"color":"#A9A9A9",
"source-url":"http://webis15.medien.uni-weimar.de/chatnoir/clueweb?href=http%3A%2F%2Fen.wikipedia.org%2Fwiki%2FOklahoma" 
},{
"id":4,
"color":"#DEDEDE",
"source-url":"http://webis15.medien.uni-weimar.de/chatnoir/clueweb?href=http%3A%2F%2Fen.wikipedia.org%2Fwiki%2FColorado" 
},{
"id":5,
"color":"#E3E4FA",
"source-url":"http://webis15.medien.uni-weimar.de/chatnoir/clueweb?href=http%3A%2F%2Fen.wikipedia.org%2Fwiki%2FArizona" 
},{
"id":6,
"color":"#F75D59",
"source-url":"http://webis15.medien.uni-weimar.de/chatnoir/clueweb?id=100015401973" 
},{
"id":8,
"color":"#F88017",
"source-url":"http://webis15.medien.uni-weimar.de/chatnoir/clueweb?href=http%3A%2F%2Fen.wikipedia.org%2Fwiki%2FRhode_Island" 
},{
"id":9,
"color":"#EDDA74",
"source-url":"http://webis15.medien.uni-weimar.de/chatnoir/clueweb?id=00091424590" 
},{
"id":10,
"color":"#FDD017",
"source-url":"http://webis15.medien.uni-weimar.de/chatnoir/clueweb?href=http%3A%2F%2Fen.wikipedia.org%2Fwiki%2FAmerican_Map" 
},{
"id":11,
"color":"#DEB887",
"source-url":"http://webis15.medien.uni-weimar.de/chatnoir/clueweb?href=http%3A%2F%2Fen.wikipedia.org%2Fwiki%2FEconomy_of_the_United_States" 
},{
"id":12,
"color":"#F9966B",
"source-url":"http://webis15.medien.uni-weimar.de/chatnoir/clueweb?href=http%3A%2F%2Fen.wikipedia.org%2Fwiki%2FNorth_Carolina" 
},{
"id":13,
"color":"#E9967A",
"source-url":"http://webis15.medien.uni-weimar.de/chatnoir/clueweb?href=http%3A%2F%2Fwww.mapsofworld.com%2Fusa%2Fusa-state-and-capital-map.html" 
},{
"id":14,
"color":"#D2691E",
"source-url":"http://webis15.medien.uni-weimar.de/chatnoir/clueweb?href=http%3A%2F%2Fen.wikipedia.org%2Fwiki%2FConnecticut" 
},{
"id":15,
"color":"#CD853F",
"source-url":"http://webis15.medien.uni-weimar.de/chatnoir/clueweb?href=http%3A%2F%2Fen.wikipedia.org%2Fwiki%2FUtah" 
},{
"id":16,
"color":"#EE9A4D",
"source-url":"http://webis15.medien.uni-weimar.de/chatnoir/clueweb?href=http%3A%2F%2Fen.wikipedia.org%2Fwiki%2FClimate_of_the_United_States" 
},{
"id":17,
"color":"#C9BE62",
"source-url":"http://webis15.medien.uni-weimar.de/chatnoir/clueweb?href=http%3A%2F%2Fen.wikipedia.org%2Fwiki%2FDemographics_of_the_United_States" 
},{
"id":18,
"color":"#BDB76B",
"source-url":"http://webis15.medien.uni-weimar.de/chatnoir/clueweb?href=http%3A%2F%2Fen.wikipedia.org%2Fwiki%2FMichigan" 
},{
"id":19,
"color":"#98FB98",
"source-url":"http://webis15.medien.uni-weimar.de/chatnoir/clueweb?href=http%3A%2F%2Fen.wikipedia.org%2Fwiki%2FHighest_mountain_peaks_of_the_United_States" 
},{
"id":20,
"color":"#BCE954",
"source-url":"http://webis15.medien.uni-weimar.de/chatnoir/clueweb?href=http%3A%2F%2Fwww.mapsofworld.com%2Fflags%2Funited-states-flag.html" 
},{
"id":21,
"color":"#32CD32",
"source-url":"http://webis15.medien.uni-weimar.de/chatnoir/clueweb?href=http%3A%2F%2Fen.wikipedia.org%2Fwiki%2FNorth_Carolina" 
},{
"id":22,
"color":"#3CB371",
"source-url":"http://webis15.medien.uni-weimar.de/chatnoir/clueweb?href=http%3A%2F%2Fen.wikipedia.org%2Fwiki%2FList_of_U.S._state_name_etymologies" 
},{
"id":23,
"color":"#5F9E70",
"source-url":"http://webis15.medien.uni-weimar.de/chatnoir/clueweb?id=00091424583" 
},{
"id":25,
"color":"#92C7C7",
"source-url":"http://webis15.medien.uni-weimar.de/chatnoir/clueweb?href=http%3A%2F%2Fen.wikipedia.org%2Fwiki%2FMissouri_River" 
},{
"id":26,
"color":"#ADDFFF",
"source-url":"http://webis15.medien.uni-weimar.de/chatnoir/clueweb?id=100000601861" 
},{
"id":27,
"color":"#C5F5DC",
"source-url":"http://webis15.medien.uni-weimar.de/chatnoir/clueweb?href=http%3A%2F%2Fen.wikipedia.org%2Fwiki%2FUnited_States" 
},{
"id":28,
"color":"#7FFFD4",
"source-url":"http://webis15.medien.uni-weimar.de/chatnoir/clueweb?href=http%3A%2F%2Fen.wikipedia.org%2Fwiki%2FWashington" 
},{
"id":30,
"color":"#E6A9EC",
"source-url":"http://webis15.medien.uni-weimar.de/chatnoir/clueweb?href=http%3A%2F%2Fen.wikipedia.org%2Fwiki%2FNew_Jersey" 
}]}
