{"suspicious-document":"suspicious-document001-batch1.html",
"language":"en",
"plagiarism":[{
"id":4,
"color":"DEDEDE",
"source-url":"http://webis15.medien.uni-weimar.de/chatnoir/clueweb?id=100011709993",
},{
"id":5,
"color":"E3E4FA",
"source-url":"http://webis15.medien.uni-weimar.de/chatnoir/clueweb?id=100001018508",
},{
"id":6,
"color":"F75D59",
"source-url":"http://webis15.medien.uni-weimar.de/chatnoir/clueweb?id=00258906994",
},{
"id":8,
"color":"F88017",
"source-url":"http://webis15.medien.uni-weimar.de/chatnoir/clueweb?id=100017805020",
},{
"id":9,
"color":"EDDA74",
"source-url":"http://webis15.medien.uni-weimar.de/chatnoir/clueweb?id=100007704609",
},{
"id":10,
"color":"FDD017",
"source-url":"http://webis15.medien.uni-weimar.de/chatnoir/clueweb?id=100012205862",
},{
"id":16,
"color":"EE9A4D",
"source-url":"http://webis15.medien.uni-weimar.de/chatnoir/clueweb?id=100013617161",
},{
"id":17,
"color":"C9BE62",
"source-url":"http://webis15.medien.uni-weimar.de/chatnoir/clueweb?id=00968616391",
},{
"id":20,
"color":"BCE954",
"source-url":"http://webis15.medien.uni-weimar.de/chatnoir/clueweb?id=00010221241",
},{
"id":24,
"color":"3EA99F",
"source-url":"http://webis15.medien.uni-weimar.de/chatnoir/clueweb?id=100003905921",
},{
"id":25,
"color":"92C7C7",
"source-url":"http://webis15.medien.uni-weimar.de/chatnoir/clueweb?id=00549207346",
},{
"id":26,
"color":"ADDFFF",
"source-url":"http://webis15.medien.uni-weimar.de/chatnoir/clueweb?id=100012419646",
},{
"id":30,
"color":"E6A9EC",
"source-url":"http://webis15.medien.uni-weimar.de/chatnoir/clueweb?id=00071610569",
}]}
