{"suspicious-document":"suspicious-document094-batch1.html",
"language":"en",
"plagiarism":[{
"id":9,
"color":"#EDDA74",
"source-url":"http://webis15.medien.uni-weimar.de/chatnoir/clueweb?id=00044102096" 
},{
"id":10,
"color":"#FDD017",
"source-url":"http://webis15.medien.uni-weimar.de/chatnoir/clueweb?href=http%3A%2F%2Fusnews.rankingsandreviews.com%2Fcars-trucks%2F2009-Nissan-Titan%2F" 
},{
"id":12,
"color":"#F9966B",
"source-url":"http://webis15.medien.uni-weimar.de/chatnoir/clueweb?href=http%3A%2F%2Fusnews.rankingsandreviews.com%2Fcars-trucks%2F2008-Nissan-Titan%2F" 
},{
"id":19,
"color":"#98FB98",
"source-url":"http://webis15.medien.uni-weimar.de/chatnoir/clueweb?id=00092818792" 
},{
"id":20,
"color":"#BCE954",
"source-url":"http://webis15.medien.uni-weimar.de/chatnoir/clueweb?id=00095913379" 
},{
"id":26,
"color":"#ADDFFF",
"source-url":"http://webis15.medien.uni-weimar.de/chatnoir/clueweb?id=00309523902" 
}]}
