{"suspicious-document":"suspicious-document017-batch1.html",
"language":"en",
"plagiarism":[{
"id":2,
"color":"#708090",
"source-url":"http://webis15.medien.uni-weimar.de/chatnoir/clueweb?href=http%3A%2F%2Fen.wikipedia.org%2Fwiki%2FStud_poker",
},{
"id":3,
"color":"A9A9A9",
"source-url":"http://webis15.medien.uni-weimar.de/chatnoir/clueweb?href=http%3A%2F%2Fen.wikipedia.org%2Fwiki%2FH.O.R.S.E.",
},{
"id":4,
"color":"DEDEDE",
"source-url":"http://webis15.medien.uni-weimar.de/chatnoir/clueweb?id=00830600522",
},{
"id":5,
"color":"E3E4FA",
"source-url":"http://webis15.medien.uni-weimar.de/chatnoir/clueweb?href=http%3A%2F%2Fen.wikipedia.org%2Fwiki%2FPhil_Ivey",
},{
"id":6,
"color":"F75D59",
"source-url":"http://webis15.medien.uni-weimar.de/chatnoir/clueweb?id=00006827073",
},{
"id":7,
"color":"A52A2A",
"source-url":"http://webis15.medien.uni-weimar.de/chatnoir/clueweb?id=00267401819",
},{
"id":8,
"color":"F88017",
"source-url":"http://webis15.medien.uni-weimar.de/chatnoir/clueweb?href=http%3A%2F%2Fen.wikipedia.org%2Fwiki%2FErik_Seidel",
},{
"id":9,
"color":"EDDA74",
"source-url":"http://webis15.medien.uni-weimar.de/chatnoir/clueweb?href=http%3A%2F%2Fen.wikipedia.org%2Fwiki%2FJohnny_Chan_%28poker_player%29",
},{
"id":10,
"color":"FDD017",
"source-url":"http://webis15.medien.uni-weimar.de/chatnoir/clueweb?id=00226023151",
},{
"id":11,
"color":"DEB887",
"source-url":"http://webis15.medien.uni-weimar.de/chatnoir/clueweb?id=00077723987",
},{
"id":12,
"color":"F9966B",
"source-url":"http://webis15.medien.uni-weimar.de/chatnoir/clueweb?id=00279610534",
},{
"id":13,
"color":"E9967A",
"source-url":"http://webis15.medien.uni-weimar.de/chatnoir/clueweb?href=http%3A%2F%2Fen.wikipedia.org%2Fwiki%2FCrown_Australian_Poker_Championship",
},{
"id":14,
"color":"D2691E",
"source-url":"http://webis15.medien.uni-weimar.de/chatnoir/clueweb?id=100033702289",
},{
"id":15,
"color":"CD853F",
"source-url":"http://webis15.medien.uni-weimar.de/chatnoir/clueweb?id=00078605913",
},{
"id":16,
"color":"EE9A4D",
"source-url":"http://webis15.medien.uni-weimar.de/chatnoir/clueweb?id=00107605908",
},{
"id":17,
"color":"C9BE62",
"source-url":"http://webis15.medien.uni-weimar.de/chatnoir/clueweb?href=http%3A%2F%2Fen.wikipedia.org%2Fwiki%2FOmaha_hold_%2527em#Omaha_Hi-Lo",
},{
"id":20,
"color":"BCE954",
"source-url":"http://webis15.medien.uni-weimar.de/chatnoir/clueweb?id=00078605931",
},{
"id":23,
"color":"5F9E70",
"source-url":"http://webis15.medien.uni-weimar.de/chatnoir/clueweb?id=00101102150",
},{
"id":24,
"color":"3EA99F",
"source-url":"http://webis15.medien.uni-weimar.de/chatnoir/clueweb?href=http%3A%2F%2Fen.wikipedia.org%2Fwiki%2FWSOP_Europe",
},{
"id":25,
"color":"92C7C7",
"source-url":"http://webis15.medien.uni-weimar.de/chatnoir/clueweb?id=00032721155",
},{
"id":26,
"color":"ADDFFF",
"source-url":"http://webis15.medien.uni-weimar.de/chatnoir/clueweb?id=00082117888",
},{
"id":29,
"color":"9E7BFF",
"source-url":"http://webis15.medien.uni-weimar.de/chatnoir/clueweb?id=100017609796",
},{
"id":30,
"color":"E6A9EC",
"source-url":"http://webis15.medien.uni-weimar.de/chatnoir/clueweb?id=100016906409",
}]}
