{"suspicious-document":"suspicious-document063-batch1.html",
"language":"en",
"plagiarism":[{
"id":3,
"color":"#A9A9A9",
"source-url":"http://webis15.medien.uni-weimar.de/chatnoir/clueweb?id=100006117785" 
},{
"id":4,
"color":"#DEDEDE",
"source-url":"http://webis15.medien.uni-weimar.de/chatnoir/clueweb?id=00092402796" 
},{
"id":5,
"color":"#E3E4FA",
"source-url":"http://webis15.medien.uni-weimar.de/chatnoir/clueweb?href=http%3A%2F%2Fqueens.about.com%2Fod%2Fneighborhoods%2Fp%2Fflushing.htm" 
},{
"id":6,
"color":"#F75D59",
"source-url":"http://webis15.medien.uni-weimar.de/chatnoir/clueweb?id=00097107452" 
},{
"id":7,
"color":"#A52A2A",
"source-url":"http://webis15.medien.uni-weimar.de/chatnoir/clueweb?href=http%3A%2F%2Fen.wikipedia.org%2Fwiki%2FJoseph_Cornell" 
},{
"id":8,
"color":"#F88017",
"source-url":"http://webis15.medien.uni-weimar.de/chatnoir/clueweb?href=http%3A%2F%2Fnewyork.seriouseats.com%2F2009%2F01%2Fblack-sesame-mochi-from-yi-mei-fung-bakery-in-flushing-queens.html" 
},{
"id":9,
"color":"#EDDA74",
"source-url":"http://webis15.medien.uni-weimar.de/chatnoir/clueweb?href=http%3A%2F%2Fen.wikipedia.org%2Fwiki%2FFlushing_High_School" 
},{
"id":10,
"color":"#FDD017",
"source-url":"http://webis15.medien.uni-weimar.de/chatnoir/clueweb?href=http%3A%2F%2Fen.wikipedia.org%2Fwiki%2FMary_Gordon" 
},{
"id":11,
"color":"#DEB887",
"source-url":"http://webis15.medien.uni-weimar.de/chatnoir/clueweb?id=00027525303" 
},{
"id":13,
"color":"#E9967A",
"source-url":"http://webis15.medien.uni-weimar.de/chatnoir/clueweb?id=100006517897" 
},{
"id":15,
"color":"#CD853F",
"source-url":"http://webis15.medien.uni-weimar.de/chatnoir/clueweb?id=00080816898" 
},{
"id":17,
"color":"#C9BE62",
"source-url":"http://webis15.medien.uni-weimar.de/chatnoir/clueweb?href=http%3A%2F%2Fen.wikipedia.org%2Fwiki%2FTownsend_Harris_High_School" 
},{
"id":18,
"color":"#BDB76B",
"source-url":"http://webis15.medien.uni-weimar.de/chatnoir/clueweb?href=http%3A%2F%2Fen.wikipedia.org%2Fwiki%2FQueens_College%2C_City_University_of_New_York" 
},{
"id":19,
"color":"#98FB98",
"source-url":"http://webis15.medien.uni-weimar.de/chatnoir/clueweb?href=http%3A%2F%2Fen.wikipedia.org%2Fwiki%2FCharles_Dana_Gibson" 
},{
"id":20,
"color":"#BCE954",
"source-url":"http://webis15.medien.uni-weimar.de/chatnoir/clueweb?id=00097107452" 
},{
"id":21,
"color":"#32CD32",
"source-url":"http://webis15.medien.uni-weimar.de/chatnoir/clueweb?href=http%3A%2F%2Fen.wikipedia.org%2Fwiki%2FVan_Wyck_Expressway" 
},{
"id":24,
"color":"#3EA99F",
"source-url":"http://webis15.medien.uni-weimar.de/chatnoir/clueweb?id=100006818440" 
},{
"id":26,
"color":"#ADDFFF",
"source-url":"http://webis15.medien.uni-weimar.de/chatnoir/clueweb?id=100007416929" 
},{
"id":28,
"color":"#7FFFD4",
"source-url":"http://webis15.medien.uni-weimar.de/chatnoir/clueweb?href=http%3A%2F%2Fnewyork.seriouseats.com%2F2008%2F11%2Ftemple-snacks-roosevelt-food-court-queens-flushing-taiwanese-burger.html" 
},{
"id":29,
"color":"#9E7BFF",
"source-url":"http://webis15.medien.uni-weimar.de/chatnoir/clueweb?id=100013817697" 
}]}
