{"suspicious-document":"suspicious-document053-batch1.html",
"language":"en",
"plagiarism":[{
"id":2,
"color":"#708090",
"source-url":"http://webis15.medien.uni-weimar.de/chatnoir/clueweb?id=00230808704"
},{
"id":3,
"color":"#A9A9A9",
"source-url":"http://webis15.medien.uni-weimar.de/chatnoir/clueweb?id=00518000951" 
},{
"id":4,
"color":"#DEDEDE",
"source-url":"http://webis15.medien.uni-weimar.de/chatnoir/clueweb?id=00795520478" 
},{
"id":5,
"color":"#E3E4FA",
"source-url":"http://webis15.medien.uni-weimar.de/chatnoir/clueweb?href=http%3A%2F%2Fshopping.discovery.com%2FCS%2FAboutUsView.html" 
},{
"id":6,
"color":"#F75D59",
"source-url":"http://webis15.medien.uni-weimar.de/chatnoir/clueweb?href=http%3A%2F%2Fshopping.discovery.com%2FCS%2FShopDiscovery.html" 
},{
"id":7,
"color":"#A52A2A",
"source-url":"http://webis15.medien.uni-weimar.de/chatnoir/clueweb?id=00049907571" 
},{
"id":8,
"color":"#F88017",
"source-url":"http://webis15.medien.uni-weimar.de/chatnoir/clueweb?id=00049907583" 
},{
"id":9,
"color":"#EDDA74",
"source-url":"http://webis15.medien.uni-weimar.de/chatnoir/clueweb?id=00113903248" 
},{
"id":10,
"color":"#FDD017",
"source-url":"http://webis15.medien.uni-weimar.de/chatnoir/clueweb?id=00215710088" 
},{
"id":11,
"color":"#DEB887",
"source-url":"http://webis15.medien.uni-weimar.de/chatnoir/clueweb?id=00236132077" 
},{
"id":12,
"color":"#F9966B",
"source-url":"http://webis15.medien.uni-weimar.de/chatnoir/clueweb?id=00445719615" 
},{
"id":13,
"color":"#E9967A",
"source-url":"http://webis15.medien.uni-weimar.de/chatnoir/clueweb?id=00547524401" 
},{
"id":14,
"color":"#D2691E",
"source-url":"http://webis15.medien.uni-weimar.de/chatnoir/clueweb?id=00927223425" 
},{
"id":15,
"color":"#CD853F",
"source-url":"http://webis15.medien.uni-weimar.de/chatnoir/clueweb?href=http%3A%2F%2Fwww.findgift.com%2Fgift-ideas%2Fpid-167062%2F" 
},{
"id":16,
"color":"#EE9A4D",
"source-url":"http://webis15.medien.uni-weimar.de/chatnoir/clueweb?href=http%3A%2F%2Fwww.findgift.com%2Fgift-ideas%2Fpid-172362%2F" 
},{
"id":17,
"color":"#C9BE62",
"source-url":"http://webis15.medien.uni-weimar.de/chatnoir/clueweb?href=http%3A%2F%2Fwww.findgift.com%2Fgift-ideas%2Fpid-75083%2F" 
},{
"id":18,
"color":"#BDB76B",
"source-url":"http://webis15.medien.uni-weimar.de/chatnoir/clueweb?href=http%3A%2F%2Fwww.findgift.com%2Fgift-ideas%2Fpid-165073%2F" 
},{
"id":19,
"color":"#98FB98",
"source-url":"http://webis15.medien.uni-weimar.de/chatnoir/clueweb?href=http%3A%2F%2Fwww.findgift.com%2Fgift-ideas%2Fpid-140325%2F" 
},{
"id":20,
"color":"#BCE954",
"source-url":"http://webis15.medien.uni-weimar.de/chatnoir/clueweb?href=http%3A%2F%2Fwww.findgift.com%2Fgift-ideas%2Fpid-166067%2F" 
},{
"id":21,
"color":"#32CD32",
"source-url":"http://webis15.medien.uni-weimar.de/chatnoir/clueweb?href=http%3A%2F%2Fwww.findgift.com%2Fgift-ideas%2Fpid-152354%2F" 
},{
"id":22,
"color":"#3CB371",
"source-url":"http://webis15.medien.uni-weimar.de/chatnoir/clueweb?id=01312908517" 
},{
"id":23,
"color":"#5F9E70",
"source-url":"http://webis15.medien.uni-weimar.de/chatnoir/clueweb?id=00049907452" 
},{
"id":24,
"color":"#3EA99F",
"source-url":"http://webis15.medien.uni-weimar.de/chatnoir/clueweb?id=00049907471" 
},{
"id":25,
"color":"#92C7C7",
"source-url":"http://webis15.medien.uni-weimar.de/chatnoir/clueweb?href=http%3A%2F%2Fshopping.discovery.com%2Fproduct-74872.html" 
},{
"id":26,
"color":"#ADDFFF",
"source-url":"http://webis15.medien.uni-weimar.de/chatnoir/clueweb?href=http%3A%2F%2Fshopping.discovery.com%2Fproduct-63536.html" 
},{
"id":27,
"color":"#C5F5DC",
"source-url":"http://webis15.medien.uni-weimar.de/chatnoir/clueweb?href=http%3A%2F%2Fshopping.discovery.com%2Fproduct-66588.html" 
},{
"id":28,
"color":"#7FFFD4",
"source-url":"http://webis15.medien.uni-weimar.de/chatnoir/clueweb?href=http%3A%2F%2Fshopping.discovery.com%2Fproduct-53977.html" 
},{
"id":29,
"color":"#9E7BFF",
"source-url":"http://webis15.medien.uni-weimar.de/chatnoir/clueweb?href=http%3A%2F%2Fshopping.discovery.com%2Fproduct-65401.html" 
},{
"id":30,
"color":"#E6A9EC",
"source-url":"http://webis15.medien.uni-weimar.de/chatnoir/clueweb?href=http%3A%2F%2Fshopping.discovery.com%2Fproduct-65890.html" 
}]}
