{"suspicious-document": "suspicious-document008-batch1.html",
"language": "en",
"plagiarism":[{
"id":2,
"color":"#708090",
"source-url":"http://webis15.medien.uni-weimar.de/chatnoir/clueweb?id=100016709359"
},{
"id":10,
"color":"FDD017",
"source-url":"http://webis15.medien.uni-weimar.de/chatnoir/clueweb?id=00417411980"
},{
"id":18,
"color":"BDB76B",
"source-url":"http://webis15.medien.uni-weimar.de/chatnoir/clueweb?id=01051802621"
},{
"id":19,
"color":"98FB98",
"source-url":"http://webis15.medien.uni-weimar.de/chatnoir/clueweb?id=00769417147"
}
]}
