{"suspicious-document": "suspicious-document038-batch1.html",
"language":"en",
"plagiarism":[{
"id":3,
"color":"A9A9A9",
"source-url":"http://webis15.medien.uni-weimar.de/chatnoir/clueweb?id=00098601892"
},{
"id":6,
"color":"F75D59",
"source-url":"http://webis15.medien.uni-weimar.de/chatnoir/clueweb?href=http%3A%2F%2Fprisonersofgreed.org%2Findex.html"
},{
"id":8,
"color":"F88017",
"source-url":"http://webis15.medien.uni-weimar.de/chatnoir/clueweb?id=100009606746"
},{
"id":9,
"color":"EDDA74",
"source-url":"http://webis15.medien.uni-weimar.de/chatnoir/clueweb?id=00027823343"
},{
"id":17,
"color":"C9BE62",
"source-url":"http://webis15.medien.uni-weimar.de/chatnoir/clueweb?id=100006900515"
},{
"id":19,
"color":"98FB98",
"source-url":"http://webis15.medien.uni-weimar.de/chatnoir/clueweb?id=00893727710"
},{
"id":26,
"color":"ADDFFF",
"source-url":"http://webis15.medien.uni-weimar.de/chatnoir/clueweb?id=00090206236"
},{
"id":28,
"color":"7FFFD4",
"source-url":"http://webis15.medien.uni-weimar.de/chatnoir/clueweb?id=00086207167"
},{
"id":29,
"color":"9E7BFF",
"source-url":"http://webis15.medien.uni-weimar.de/chatnoir/clueweb?id=01309323545"
}]}
