{"suspicious-document":"suspicious-document068-batch1.html",
"language":"en",
"plagiarism":[{
"id":3,
"color":"#A9A9A9",
"source-url":"http://webis15.medien.uni-weimar.de/chatnoir/clueweb?id=00256828879" 
},{
"id":5,
"color":"#E3E4FA",
"source-url":"http://webis15.medien.uni-weimar.de/chatnoir/clueweb?id=00357838735" 
},{
"id":9,
"color":"#EDDA74",
"source-url":"http://webis15.medien.uni-weimar.de/chatnoir/clueweb?id=00058805715" 
},{
"id":11,
"color":"#DEB887",
"source-url":"http://webis15.medien.uni-weimar.de/chatnoir/clueweb?id=00094805379" 
},{
"id":12,
"color":"#F9966B",
"source-url":"http://webis15.medien.uni-weimar.de/chatnoir/clueweb?id=00095605410" 
},{
"id":14,
"color":"#D2691E",
"source-url":"http://webis15.medien.uni-weimar.de/chatnoir/clueweb?id=00102907056" 
},{
"id":15,
"color":"#CD853F",
"source-url":"http://webis15.medien.uni-weimar.de/chatnoir/clueweb?id=00102907071" 
},{
"id":16,
"color":"#EE9A4D",
"source-url":"http://webis15.medien.uni-weimar.de/chatnoir/clueweb?id=00104514729" 
},{
"id":17,
"color":"#C9BE62",
"source-url":"http://webis15.medien.uni-weimar.de/chatnoir/clueweb?id=00114019048" 
},{
"id":19,
"color":"#98FB98",
"source-url":"http://webis15.medien.uni-weimar.de/chatnoir/clueweb?id=00220017088" 
},{
"id":20,
"color":"#BCE954",
"source-url":"http://webis15.medien.uni-weimar.de/chatnoir/clueweb?id=00668812568" 
},{
"id":26,
"color":"#ADDFFF",
"source-url":"http://webis15.medien.uni-weimar.de/chatnoir/clueweb?href=http%3A%2F%2Fflexpvc.com%2Fapplication-guidelines.shtml" 
},{
"id":30,
"color":"#E6A9EC",
"source-url":"http://webis15.medien.uni-weimar.de/chatnoir/clueweb?id=01338648184" 
}]}
