{"suspicious-document":"suspicious-document016-batch1.html",
"language":"en",
"plagiarism":[{
"id":8,
"color":"#F88017",
"source-url":"http://webis15.medien.uni-weimar.de/chatnoir/clueweb?href=http%3A%2F%2Fwww.azgfd.gov%2Finside_azgfd%2Fvolunteer.shtml" 
},{
"id":12,
"color":"#F9966B",
"source-url":"http://webis15.medien.uni-weimar.de/chatnoir/clueweb?href=http%3A%2F%2Fwww.azgfd.gov%2Fh_f%2Fhunting_rules.shtml" 
},{
"id":13,
"color":"#E9967A",
"source-url":"http://webis15.medien.uni-weimar.de/chatnoir/clueweb?id=00058821650" 
},{
"id":14,
"color":"#D2691E",
"source-url":"http://webis15.medien.uni-weimar.de/chatnoir/clueweb?id=00201908082" 
},{
"id":17,
"color":"#C9BE62",
"source-url":"http://webis15.medien.uni-weimar.de/chatnoir/clueweb?id=00058821609" 
},{
"id":23,
"color":"#5F9E70",
"source-url":"http://webis15.medien.uni-weimar.de/chatnoir/clueweb?id=00058821592" 
}]}
