{"suspicious-document": "suspicious-document004-batch1.html",
"language":"en",
"plagiarism":[{
"id":2,
"color":"",
"source-url":"http://webis15.medien.uni-weimar.de/chatnoir/clueweb?id=100033101362"
},{
"id":3,
"color":"",
"source-url":"http://webis15.medien.uni-weimar.de/chatnoir/clueweb?id=00087225616"
},{
"id":4,
"color":"",
"source-url":"http://webis15.medien.uni-weimar.de/chatnoir/clueweb?id=100014203025"
},{
"id":5,
"color":"",
"source-url":"http://webis15.medien.uni-weimar.de/chatnoir/clueweb?id=00039106708"
},{
"id":6,
"color":"",
"source-url":"http://webis15.medien.uni-weimar.de/chatnoir/clueweb?id=00249906998"
},{
"id":7,
"color":"",
"source-url":"http://webis15.medien.uni-weimar.de/chatnoir/clueweb?href=http%3A%2F%2Fwww.kcsouthern.com%2Fen-us%2FPages%2Fdefault.aspx"
}
]}
