{"suspicious-document": "suspicious-document027-batch1.html",
"language": "en",
"plagiarism":[{
"id":2,
"color":"#708090",
"source-url":"http://webis15.medien.uni-weimar.de/chatnoir/clueweb?href=http%3A%2F%2Fie.starbucks.com%2Fen-ie%2F_About%2BStarbucks%2F"
},{
"id":3,
"color":"A9A9A9",
"source-url":"http://webis15.medien.uni-weimar.de/chatnoir/clueweb?href=http%3A%2F%2Fie.starbucks.com%2Fen-ie%2F_About%2BStarbucks%2FHistory%2Bof%2BStarbucks.htm"
},{
"id":4,
"color":"DEDEDE",
"source-url":"http://webis15.medien.uni-weimar.de/chatnoir/clueweb?href=http%3A%2F%2Fie.starbucks.com%2Fen-ie%2F_About%2BStarbucks%2FMission%2BStatement.htm"
},{
"id":5,
"color":"E3E4FA",
"source-url":"http://webis15.medien.uni-weimar.de/chatnoir/clueweb?href=http%3A%2F%2Fie.starbucks.com%2Fen-ie%2F_Food%2F"
},{
"id":6,
"color":"F75D59",
"source-url":"http://webis15.medien.uni-weimar.de/chatnoir/clueweb?href=http%3A%2F%2Fen.wikipedia.org%2Fwiki%2FGordon_Bowker"
},{
"id":8,
"color":"F88017",
"source-url":"http://webis15.medien.uni-weimar.de/chatnoir/clueweb?href=http%3A%2F%2Fen.wikipedia.org%2Fwiki%2FHoward_Schultz"
},{
"id":9,
"color":"EDDA74",
"source-url":"http://webis15.medien.uni-weimar.de/chatnoir/clueweb?href=http%3A%2F%2Fen.wikipedia.org%2Fwiki%2FJerry_Baldwin"
},{
"id":10,
"color":"FDD017",
"source-url":"http://webis15.medien.uni-weimar.de/chatnoir/clueweb?id=100031017031"
},{
"id":11,
"color":"DEB887",
"source-url":"http://webis15.medien.uni-weimar.de/chatnoir/clueweb?href=http%3A%2F%2Fie.starbucks.com%2Fen-ie%2F_Worlds%2BBest%2BCoffee%2FCoffee%2BFlavour%2BProfiles.htm"
},{
"id":12,
"color":"F9966B",
"source-url":"http://webis15.medien.uni-weimar.de/chatnoir/clueweb?href=http%3A%2F%2Fie.starbucks.com%2Fen-ie%2F_Worlds%2BBest%2BCoffee%2F_Coffee%2BDetail%2BPages%2FArabian%2BMocha%2BJava.htm"
},{
"id":13,
"color":"E9967A",
"source-url":"http://webis15.medien.uni-weimar.de/chatnoir/clueweb?href=http%3A%2F%2Fie.starbucks.com%2Fen-ie%2F_Worlds%2BBest%2BCoffee%2F_Coffee%2BDetail%2BPages%2FAfrica%2BKitamu.htm"
},{
"id":14,
"color":"D2691E",
"source-url":"http://webis15.medien.uni-weimar.de/chatnoir/clueweb?href=http%3A%2F%2Fie.starbucks.com%2Fen-ie%2F_Worlds%2BBest%2BCoffee%2F_Coffee%2BDetail%2BPages%2FBreakfast%2BBlend.htm"
},{
"id":15,
"color":"CD853F",
"source-url":"http://webis15.medien.uni-weimar.de/chatnoir/clueweb?href=http%3A%2F%2Fie.starbucks.com%2Fen-ie%2F_Worlds%2BBest%2BCoffee%2F_Coffee%2BDetail%2BPages%2FEspresso%2BRoast.htm"
},{
"id":16,
"color":"EE9A4D",
"source-url":"http://webis15.medien.uni-weimar.de/chatnoir/clueweb?href=http%3A%2F%2Fie.starbucks.com%2Fen-ie%2F_Worlds%2BBest%2BCoffee%2F_Coffee%2BDetail%2BPages%2FGuatemala%2BAntigua.htm"
},{
"id":17,
"color":"C9BE62",
"source-url":"http://webis15.medien.uni-weimar.de/chatnoir/clueweb?href=http%3A%2F%2Fie.starbucks.com%2Fen-ie%2F_Worlds%2BBest%2BCoffee%2F_Coffee%2BDetail%2BPages%2FSumatra.htm"
},{
"id":18,
"color":"BDB76B",
"source-url":"http://webis15.medien.uni-weimar.de/chatnoir/clueweb?href=http%3A%2F%2Fie.starbucks.com%2Fen-ie%2F_Worlds%2BBest%2BCoffee%2F_Coffee%2BDetail%2BPages%2FKenya.htm"
},{
"id":19,
"color":"98FB98",
"source-url":"http://webis15.medien.uni-weimar.de/chatnoir/clueweb?href=http%3A%2F%2Fie.starbucks.com%2Fen-ie%2F_Worlds%2BBest%2BCoffee%2F_Coffee%2BDetail%2BPages%2FCafe%2BEstima%2BBlend.htm"
},{
"id":20,
"color":"BCE954",
"source-url":"http://webis15.medien.uni-weimar.de/chatnoir/clueweb?href=http%3A%2F%2Fie.starbucks.com%2Fen-ie%2F_Worlds%2BBest%2BCoffee%2F_Coffee%2BDetail%2BPages%2FFrench%2BRoast.htm"
},{
"id":21,
"color":"32CD32",
"source-url":"http://webis15.medien.uni-weimar.de/chatnoir/clueweb?href=http%3A%2F%2Fie.starbucks.com%2Fen-ie%2F_Worlds%2BBest%2BCoffee%2F_Coffee%2BDetail%2BPages%2FEthiopia%2BSidamo.htm"
},{
"id":22,
"color":"3CB371",
"source-url":"http://webis15.medien.uni-weimar.de/chatnoir/clueweb?href=http%3A%2F%2Fie.starbucks.com%2Fen-ie%2F_Worlds%2BBest%2BCoffee%2F_Coffee%2BExperience%2FCoffee%2BTasting%2BTechniques.htm"
},{
"id":23,
"color":"5F9E70",
"source-url":"http://webis15.medien.uni-weimar.de/chatnoir/clueweb?href=http%3A%2F%2Fie.starbucks.com%2Fen-ie%2F_Worlds%2BBest%2BCoffee%2F_Coffee%2BExperience%2FHistory%2Bof%2BCoffee.htm"
},{
"id":24,
"color":"3EA99F",
"source-url":"http://webis15.medien.uni-weimar.de/chatnoir/clueweb?href=http%3A%2F%2Fie.starbucks.com%2Fen-ie%2F_Worlds%2BBest%2BCoffee%2F_Coffee%2BExperience%2FGrowing%2BStory.htm"
},{
"id":25,
"color":"92C7C7",
"source-url":"http://webis15.medien.uni-weimar.de/chatnoir/clueweb?href=http%3A%2F%2Fie.starbucks.com%2Fen-ie%2F_Worlds%2BBest%2BCoffee%2F_Coffee%2BExperience%2FThe%2BRoast%2BStory.htm"
},{
"id":26,
"color":"ADDFFF",
"source-url":"http://webis15.medien.uni-weimar.de/chatnoir/clueweb?href=http%3A%2F%2Fie.starbucks.com%2Fen-ie%2F_Worlds%2BBest%2BCoffee%2F_Coffee%2BExperience%2FCoffee%2BPreparation.htm"
},{
"id":27,
"color":"C5F5DC",
"source-url":"http://webis15.medien.uni-weimar.de/chatnoir/clueweb?href=http%3A%2F%2Fie.starbucks.com%2Fen-ie%2F_Food%2FPastries.htm"
},{
"id":28,
"color":"7FFFD4",
"source-url":"http://webis15.medien.uni-weimar.de/chatnoir/clueweb?href=http%3A%2F%2Fie.starbucks.com%2Fen-ie%2F_Food%2FCakes%2Band%2BCheesecakes.htm"
},{
"id":29,
"color":"9E7BFF",
"source-url":"http://webis15.medien.uni-weimar.de/chatnoir/clueweb?href=http%3A%2F%2Fie.starbucks.com%2Fen-ie%2F_Food%2FMuffins.htmource"
},{
"id":30,
"color":"E6A9EC",
"source-url":"http://webis15.medien.uni-weimar.de/chatnoir/clueweb?href=http%3A%2F%2Fie.starbucks.com%2Fen-ie%2F_Food%2FSandwiches.htm"
}]}
