{"suspicious-document":"suspicious-document003-batch1.html",
"language":"en",
"plagiarism":[{
"id":4,
"color":"DEDEDE",
"source-url":"http://webis15.medien.uni-weimar.de/chatnoir/clueweb?id=00073718010",
},{
"id":5,
"color":"E3E4FA",
"source-url":"http://webis15.medien.uni-weimar.de/chatnoir/clueweb?id=174436354",
},{
"id":6,
"color":"F75D59",
"source-url":"http://webis15.medien.uni-weimar.de/chatnoir/clueweb?id=491038395",
},{
"id":8,
"color":"F88017",
"source-url":"http://webis15.medien.uni-weimar.de/chatnoir/clueweb?id=811826173",
},{
"id":9,
"color":"EDDA74",
"source-url":"http://webis15.medien.uni-weimar.de/chatnoir/clueweb?id=100018912469",
},{
"id":10,
"color":"FDD017",
"source-url":"http://webis15.medien.uni-weimar.de/chatnoir/clueweb?id=00100031143",
},{
"id":12,
"color":"F9966B",
"source-url":"http://webis15.medien.uni-weimar.de/chatnoir/clueweb?id=00072803080",
},{
"id":16,
"color":"EE9A4D",
"source-url":"http://webis15.medien.uni-weimar.de/chatnoir/clueweb?id=00024410183",
},{
"id":17,
"color":"C9BE62",
"source-url":"http://webis15.medien.uni-weimar.de/chatnoir/clueweb?id=00053332645",
},{
"id":20,
"color":"BCE954",
"source-url":"http://webis15.medien.uni-weimar.de/chatnoir/clueweb?id=100021000669",
},{
"id":24,
"color":"3EA99F",
"source-url":"http://webis15.medien.uni-weimar.de/chatnoir/clueweb?id=00114100711",
},{
"id":25,
"color":"92C7C7",
"source-url":"http://webis15.medien.uni-weimar.de/chatnoir/clueweb?id=100004320078",
}]}
