{"suspicious-document": "suspicious-document061-batch1.html",
"language":"en",
"plagiarism":[{
"id":3,
"color":"A9A9A9",
"source-url":"http://webis15.medien.uni-weimar.de/chatnoir/clueweb?id=00412929684"
},{
"id":5,
"color":"E3E4FA",
"source-url":"http://webis15.medien.uni-weimar.de/chatnoir/clueweb?href=http%3A%2F%2Fwww.webopedia.com%2FTERM%2FP%2Fpolymorphic_virus.html"
},{
"id":6,
"color":"F75D59",
"source-url":"http://webis15.medien.uni-weimar.de/chatnoir/clueweb?href=http%3A%2F%2Fwww.webopedia.com%2FTERM%2FS%2Fsheepdip.html"
},{
"id":9,
"color":"EDDA74",
"source-url":"http://webis15.medien.uni-weimar.de/chatnoir/clueweb?id=00000814487"
},{
"id":10,
"color":"FDD017",
"source-url":"http://webis15.medien.uni-weimar.de/chatnoir/clueweb?href=http%3A%2F%2Fen.wikipedia.org%2Fwiki%2FAntispyware"
},{
"id":11,
"color":"DEB887",
"source-url":"http://webis15.medien.uni-weimar.de/chatnoir/clueweb?id=100007604559"
},{
"id":13,
"color":"E9967A",
"source-url":"http://webis15.medien.uni-weimar.de/chatnoir/clueweb?href=http%3A%2F%2Fen.wikinews.org%2Fwiki%2FConficker_computer_worm_infections_soar"
},{
"id":14,
"color":"D2691E",
"source-url":"http://webis15.medien.uni-weimar.de/chatnoir/clueweb?href=http%3A%2F%2Fwww.webopedia.com%2FTERM%2FS%2Fstealth_virus.html"
},{
"id":16,
"color":"EE9A4D",
"source-url":"http://webis15.medien.uni-weimar.de/chatnoir/clueweb?href=http%3A%2F%2Fwww.webopedia.com%2FTERM%2FM%2Fmultipartite_virus.html"
},{
"id":19,
"color":"98FB98",
"source-url":"http://webis15.medien.uni-weimar.de/chatnoir/clueweb?id=00190714398"
},{
"id":20,
"color":"BCE954",
"source-url":"http://webis15.medien.uni-weimar.de/chatnoir/clueweb?href=http%3A%2F%2Fantivirus.about.com%2Fod%2Fvirusdescriptions%2Fp%2Fsality.htm"
},{
"id":21,
"color":"32CD32",
"source-url":"http://webis15.medien.uni-weimar.de/chatnoir/clueweb?href=http%3A%2F%2Fwww.webopedia.com%2FTERM%2FM%2Fmacro_virus.html"
},{
"id":26,
"color":"ADDFFF",
"source-url":"http://webis15.medien.uni-weimar.de/chatnoir/clueweb?id=00117432847"
},{
"id":28,
"color":"7FFFD4",
"source-url":"http://webis15.medien.uni-weimar.de/chatnoir/clueweb?href=http%3A%2F%2Fwww.webopedia.com%2FDidYouKnow%2FInternet%2F2004%2Fvirus.asp"
},{
"id":30,
"color":"E6A9EC",
"source-url":"http://webis15.medien.uni-weimar.de/chatnoir/clueweb?id=100005313962"
}]}
