{"suspicious-document":"suspicious-document059-batch1.html",
"language":"en",
"plagiarism":[{
"id":2,
"color":"#708090",
"source-url":"http://webis15.medien.uni-weimar.de/chatnoir/clueweb?id=00050037269"
},{
"id":3,
"color":"#A9A9A9",
"source-url":"http://webis15.medien.uni-weimar.de/chatnoir/clueweb?id=00043506379" 
},{
"id":4,
"color":"#DEDEDE",
"source-url":"http://webis15.medien.uni-weimar.de/chatnoir/clueweb?id=00080909371" 
},{
"id":6,
"color":"#F75D59",
"source-url":"http://webis15.medien.uni-weimar.de/chatnoir/clueweb?id=00812101732" 
},{
"id":7,
"color":"#A52A2A",
"source-url":"http://webis15.medien.uni-weimar.de/chatnoir/clueweb?id=00402934710" 
},{
"id":9,
"color":"#EDDA74",
"source-url":"http://webis15.medien.uni-weimar.de/chatnoir/clueweb?id=00140518829" 
},{
"id":10,
"color":"#FDD017",
"source-url":"http://webis15.medien.uni-weimar.de/chatnoir/clueweb?id=01207124081" 
},{
"id":11,
"color":"#DEB887",
"source-url":"http://webis15.medien.uni-weimar.de/chatnoir/clueweb?id=00311903138" 
},{
"id":12,
"color":"#F9966B",
"source-url":"http://webis15.medien.uni-weimar.de/chatnoir/clueweb?id=01311752242" 
},{
"id":15,
"color":"#CD853F",
"source-url":"http://webis15.medien.uni-weimar.de/chatnoir/clueweb?id=00123302554" 
},{
"id":16,
"color":"#EE9A4D",
"source-url":"http://webis15.medien.uni-weimar.de/chatnoir/clueweb?id=00162012133" 
},{
"id":17,
"color":"#C9BE62",
"source-url":"http://webis15.medien.uni-weimar.de/chatnoir/clueweb?id=00368113108" 
},{
"id":18,
"color":"#BDB76B",
"source-url":"http://webis15.medien.uni-weimar.de/chatnoir/clueweb?id=00249530512" 
},{
"id":19,
"color":"#98FB98",
"source-url":"http://webis15.medien.uni-weimar.de/chatnoir/clueweb?id=00264829497" 
},{
"id":20,
"color":"#BCE954",
"source-url":"http://webis15.medien.uni-weimar.de/chatnoir/clueweb?id=00518435365" 
},{
"id":21,
"color":"#32CD32",
"source-url":"http://webis15.medien.uni-weimar.de/chatnoir/clueweb?id=01064236523" 
},{
"id":22,
"color":"#3CB371",
"source-url":"http://webis15.medien.uni-weimar.de/chatnoir/clueweb?href=http%3A%2F%2Fwww.yourfencestore.com%2Fcl%2Fclinstall%2Findex.htm" 
},{
"id":25,
"color":"#92C7C7",
"source-url":"http://webis15.medien.uni-weimar.de/chatnoir/clueweb?id=00093712307" 
}]}
