{"suspicious-document": "suspicious-document064-batch1.html",
"language":"en",
"plagiarism":[{
"id":3,
"color":"A9A9A9",
"source-url":"http://webis15.medien.uni-weimar.de/chatnoir/clueweb?id=01267517689"
},{
"id":8,
"color":"F88017",
"source-url":"http://webis15.medien.uni-weimar.de/chatnoir/clueweb?id=00020435308"
},{
"id":12,
"color":"F9966B",
"source-url":"http://webis15.medien.uni-weimar.de/chatnoir/clueweb?id=00028320837"
},{
"id":21,
"color":"32CD32",
"source-url":"http://webis15.medien.uni-weimar.de/chatnoir/clueweb?id=00089524301"
},{
"id":28,
"color":"7FFFD4",
"source-url":"http://webis15.medien.uni-weimar.de/chatnoir/clueweb?id=00218027105"
},{
"id":29,
"color":"9E7BFF",
"source-url":"http://webis15.medien.uni-weimar.de/chatnoir/clueweb?id=00219124958"
},{
"id":30,
"color":"E6A9EC",
"source-url":"http://webis15.medien.uni-weimar.de/chatnoir/clueweb?id=00251708902"
}]}
