{"suspicious-document":"suspicious-document019-batch1.html",
"language":"en",
"plagiarism":[{
"id":4,
"color":"#DEDEDE",
"source-url":"http://webis15.medien.uni-weimar.de/chatnoir/clueweb?href=http%3A%2F%2Fminnesota.publicradio.org%2Fabout%2F" 
},{
"id":5,
"color":"#E3E4FA",
"source-url":"http://webis15.medien.uni-weimar.de/chatnoir/clueweb?href=http%3A%2F%2Fminnesota.publicradio.org%2Fradio%2Fservices%2Fthe_current%2F" 
},{
"id":11,
"color":"#DEB887",
"source-url":"http://webis15.medien.uni-weimar.de/chatnoir/clueweb?id=00023614455" 
},{
"id":12,
"color":"#F9966B",
"source-url":"http://webis15.medien.uni-weimar.de/chatnoir/clueweb?href=http%3A%2F%2Fminnesota.publicradio.org%2Fcollections%2Fspecial%2Fcolumns%2Fmusic_blog%2F" 
},{
"id":22,
"color":"#3CB371",
"source-url":"http://webis15.medien.uni-weimar.de/chatnoir/clueweb?href=http%3A%2F%2Fminnesota.publicradio.org%2Fradio%2Fprograms%2Fmusicheads%2F" 
}]}
