{"suspicious-document": "suspicious-document029-batch1.html",
"language":"en",
"plagiarism":[{
"id":6,
"color":"F75D59",
"source-url":"http://webis15.medien.uni-weimar.de/chatnoir/clueweb?id=00040920970"
},{
"id":10,
"color":"FDD017",
"source-url":"http://webis15.medien.uni-weimar.de/chatnoir/clueweb?id=00210507238"
},{
"id":12,
"color":"F9966B",
"source-url":"http://webis15.medien.uni-weimar.de/chatnoir/clueweb?href=http%3A%2F%2Fblogs.bet.com%2Fentertainment%2Fgameplay%2Fthats-right-folkslaura-croft-is-back%2F#more-20"
},{
"id":14,
"color":"D2691E",
"source-url":"http://webis15.medien.uni-weimar.de/chatnoir/clueweb?href=http%3A%2F%2Fblogs.bet.com%2Fentertainment%2Fgameplay%2Fwatch-alfred-serve-up-a-mean-butt-whooping-with-a-spot-of-tea%2F#more-48"
},{
"id":16,
"color":"EE9A4D",
"source-url":"http://webis15.medien.uni-weimar.de/chatnoir/clueweb?id=00294121104"
},{
"id":18,
"color":"BDB76B",
"source-url":"http://webis15.medien.uni-weimar.de/chatnoir/clueweb?id=00004124559"
},{
"id":20,
"color":"BCE954",
"source-url":"http://webis15.medien.uni-weimar.de/chatnoir/clueweb?id=00222024693"
},{
"id":22,
"color":"3CB371",
"source-url":"http://webis15.medien.uni-weimar.de/chatnoir/clueweb?href=http%3A%2F%2Fcouponmountain.smarter.com%2Fgames-8%2Fproduct%2Fguitar_hero_iii_legends_of_rock_bundle-39954%2F"
},{
"id":24,
"color":"3EA99F",
"source-url":"http://webis15.medien.uni-weimar.de/chatnoir/clueweb?id=00446711376"
},{
"id":25,
"color":"92C7C7",
"source-url":"http://webis15.medien.uni-weimar.de/chatnoir/clueweb?id=00367602310"
},{
"id":28,
"color":"7FFFD4",
"source-url":"http://webis15.medien.uni-weimar.de/chatnoir/clueweb?id=01312209013"
}]}
