{"suspicious-document":"suspicious-document060-batch1.html",
"language":"en",
"plagiarism":[{
"id":2,
"color":"#708090",
"source-url":"http://webis15.medien.uni-weimar.de/chatnoir/clueweb?id=00055220123"
},{
"id":3,
"color":"#A9A9A9",
"source-url":"http://webis15.medien.uni-weimar.de/chatnoir/clueweb?id=00002914944" 
},{
"id":4,
"color":"#DEDEDE",
"source-url":"http://webis15.medien.uni-weimar.de/chatnoir/clueweb?id=00015021517" 
},{
"id":5,
"color":"#E3E4FA",
"source-url":"http://webis15.medien.uni-weimar.de/chatnoir/clueweb?id=00008418082" 
},{
"id":6,
"color":"#F75D59",
"source-url":"http://webis15.medien.uni-weimar.de/chatnoir/clueweb?id=00103702450" 
},{
"id":7,
"color":"#A52A2A",
"source-url":"http://webis15.medien.uni-weimar.de/chatnoir/clueweb?id=00021404426" 
},{
"id":8,
"color":"#F88017",
"source-url":"http://webis15.medien.uni-weimar.de/chatnoir/clueweb?id=00025737460" 
},{
"id":9,
"color":"#EDDA74",
"source-url":"http://webis15.medien.uni-weimar.de/chatnoir/clueweb?id=00025810587" 
},{
"id":10,
"color":"#FDD017",
"source-url":"http://webis15.medien.uni-weimar.de/chatnoir/clueweb?id=00046420848" 
},{
"id":11,
"color":"#DEB887",
"source-url":"http://webis15.medien.uni-weimar.de/chatnoir/clueweb?href=http%3A%2F%2Fwitches.meetup.com%2F549%2Fcalendar%2F9325632%2F" 
},{
"id":12,
"color":"#F9966B",
"source-url":"http://webis15.medien.uni-weimar.de/chatnoir/clueweb?id=00048028967" 
},{
"id":13,
"color":"#E9967A",
"source-url":"http://webis15.medien.uni-weimar.de/chatnoir/clueweb?id=00048028968" 
},{
"id":14,
"color":"#D2691E",
"source-url":"http://webis15.medien.uni-weimar.de/chatnoir/clueweb?id=00049322894" 
},{
"id":15,
"color":"#CD853F",
"source-url":"http://webis15.medien.uni-weimar.de/chatnoir/clueweb?id=00055900987" 
},{
"id":16,
"color":"#EE9A4D",
"source-url":"http://webis15.medien.uni-weimar.de/chatnoir/clueweb?id=00055900995" 
},{
"id":17,
"color":"#C9BE62",
"source-url":"http://webis15.medien.uni-weimar.de/chatnoir/clueweb?id=00055900996" 
},{
"id":18,
"color":"#BDB76B",
"source-url":"http://webis15.medien.uni-weimar.de/chatnoir/clueweb?href=http%3A%2F%2Fwww.bellevuearts.org%2Fabout_us%2Findex.htm" 
},{
"id":19,
"color":"#98FB98",
"source-url":"http://webis15.medien.uni-weimar.de/chatnoir/clueweb?id=00070012167" 
},{
"id":20,
"color":"#BCE954",
"source-url":"http://webis15.medien.uni-weimar.de/chatnoir/clueweb?id=00081125274" 
},{
"id":21,
"color":"#32CD32",
"source-url":"http://webis15.medien.uni-weimar.de/chatnoir/clueweb?id=00081125276" 
},{
"id":22,
"color":"#3CB371",
"source-url":"http://webis15.medien.uni-weimar.de/chatnoir/clueweb?id=00085218067" 
},{
"id":23,
"color":"#5F9E70",
"source-url":"http://webis15.medien.uni-weimar.de/chatnoir/clueweb?href=http%3A%2F%2Fwww.placesofamerica.com%2Fhotels%2F104%2F1044972_Courtyard_Seattle_Bellevue_Washington_Bellevue.html" 
},{
"id":24,
"color":"#3EA99F",
"source-url":"http://webis15.medien.uni-weimar.de/chatnoir/clueweb?href=http%3A%2F%2Fwww.placesofamerica.com%2Fhotels%2F104%2F1045100_Fairfield_Inn_Washington_Bellevue.html" 
},{
"id":25,
"color":"#92C7C7",
"source-url":"http://webis15.medien.uni-weimar.de/chatnoir/clueweb?href=http%3A%2F%2Fwww.meydenbauer.com%2Fabout%2Findex.html" 
},{
"id":26,
"color":"#ADDFFF",
"source-url":"http://webis15.medien.uni-weimar.de/chatnoir/clueweb?id=00096820395" 
},{
"id":27,
"color":"#C5F5DC",
"source-url":"http://webis15.medien.uni-weimar.de/chatnoir/clueweb?href=http%3A%2F%2Fwww.eastsideheritagecenter.org%2F" 
},{
"id":28,
"color":"#7FFFD4",
"source-url":"http://webis15.medien.uni-weimar.de/chatnoir/clueweb?id=00096820398" 
},{
"id":29,
"color":"#9E7BFF",
"source-url":"http://webis15.medien.uni-weimar.de/chatnoir/clueweb?id=00096820412" 
},{
"id":30,
"color":"#E6A9EC",
"source-url":"http://webis15.medien.uni-weimar.de/chatnoir/clueweb?id=00103700990" 
}]}
