{"suspicious-document": "suspicious-document065-batch1.html",
"language":"en",
"plagiarism":[{
"id":4,
"color":"DEDEDE",
"source-url":"http://webis15.medien.uni-weimar.de/chatnoir/clueweb?href=http%3A%2F%2Fen.wikipedia.org%2Fwiki%2FKorean_honorifics"
},{
"id":5,
"color":"E3E4FA",
"source-url":"http://webis15.medien.uni-weimar.de/chatnoir/clueweb?href=http%3A%2F%2Fwww.learnkoreanlanguage.com%2FVerb-Tenses.html"
},{
"id":8,
"color":"F88017",
"source-url":"http://webis15.medien.uni-weimar.de/chatnoir/clueweb?href=http%3A%2F%2Fwww.learnkoreanlanguage.com%2FClothes.html"
},{
"id":9,
"color":"EDDA74",
"source-url":"http://webis15.medien.uni-weimar.de/chatnoir/clueweb?id=00053222897"
},{
"id":11,
"color":"DEB887",
"source-url":"http://webis15.medien.uni-weimar.de/chatnoir/clueweb?id=00085528069"
},{
"id":12,
"color":"F9966B",
"source-url":"http://webis15.medien.uni-weimar.de/chatnoir/clueweb?href=http%3A%2F%2Fwww.learnkoreanlanguage.com%2Fbeginners-answers.html"
},{
"id":13,
"color":"E9967A",
"source-url":"http://webis15.medien.uni-weimar.de/chatnoir/clueweb?href=http%3A%2F%2Fwww.learnkoreanlanguage.com%2FColors.html"
},{
"id":14,
"color":"D2691E",
"source-url":"http://webis15.medien.uni-weimar.de/chatnoir/clueweb?href=http%3A%2F%2Fwww.answers.com%2Ftopic%2Flanguage-isolate"
},{
"id":15,
"color":"CD853F",
"source-url":"http://webis15.medien.uni-weimar.de/chatnoir/clueweb?href=http%3A%2F%2Fwww.omniglot.com%2Fwriting%2Fkorean.htm"
},{
"id":16,
"color":"EE9A4D",
"source-url":"http://webis15.medien.uni-weimar.de/chatnoir/clueweb?href=http%3A%2F%2Fwww.learnkoreanlanguage.com%2FKorean-Verbs.html"
},{
"id":17,
"color":"C9BE62",
"source-url":"http://webis15.medien.uni-weimar.de/chatnoir/clueweb?id=00053222897"
},{
"id":19,
"color":"98FB98",
"source-url":"http://webis15.medien.uni-weimar.de/chatnoir/clueweb?id=00115919232"
},{
"id":24,
"color":"3EA99F",
"source-url":"http://webis15.medien.uni-weimar.de/chatnoir/clueweb?href=http%3A%2F%2Fen.wikipedia.org%2Fwiki%2FProto-Korean#Differences_between_North_Korean_and_South_Korean"
},{
"id":25,
"color":"92C7C7",
"source-url":"http://webis15.medien.uni-weimar.de/chatnoir/clueweb?href=http%3A%2F%2Fwww.learnkoreanlanguage.com%2Fbeginners-homework.html"
},{
"id":26,
"color":"ADDFFF",
"source-url":"http://webis15.medien.uni-weimar.de/chatnoir/clueweb?href=http%3A%2F%2Fwww.declan-software.com%2Fkorean.htm#Hangul"
},{
"id":27,
"color":"C5F5DC",
"source-url":"http://webis15.medien.uni-weimar.de/chatnoir/clueweb?id=00047727512"
},{
"id":28,
"color":"7FFFD4",
"source-url":"http://webis15.medien.uni-weimar.de/chatnoir/clueweb?id=00104937531"
}]}
