{"suspicious-document": "suspicious-document028-batch1.html",
"language":"en",
"plagiarism":[{
"id":2,
"color":"#708090",
"source-url":"http://webis15.medien.uni-weimar.de/chatnoir/clueweb?id=100007118342"
},{
"id":3,
"color":"A9A9A9",
"source-url":"http://webis15.medien.uni-weimar.de/chatnoir/clueweb?id=00103907502"
},{
"id":6,
"color":"F75D59",
"source-url":"http://webis15.medien.uni-weimar.de/chatnoir/clueweb?id=100014904489"
},{
"id":7,
"color":"A52A2A",
"source-url":"http://webis15.medien.uni-weimar.de/chatnoir/clueweb?id=00646132374"
},{
"id":8,
"color":"F88017",
"source-url":"http://webis15.medien.uni-weimar.de/chatnoir/clueweb?id=00621333744"
},{
"id":9,
"color":"EDDA74",
"source-url":"http://webis15.medien.uni-weimar.de/chatnoir/clueweb?id=01240517405"
},{
"id":11,
"color":"DEB887",
"source-url":"http://webis15.medien.uni-weimar.de/chatnoir/clueweb?href=http%3A%2F%2Fen.wikipedia.org%2Fwiki%2FRumiko_Takahashi"
},{
"id":19,
"color":"98FB98",
"source-url":"http://webis15.medien.uni-weimar.de/chatnoir/clueweb?id=100009323328"
},{
"id":21,
"color":"32CD32",
"source-url":"http://webis15.medien.uni-weimar.de/chatnoir/clueweb?id=100009305012"
},{
"id":24,
"color":"3EA99F",
"source-url":"http://webis15.medien.uni-weimar.de/chatnoir/clueweb?href=http%3A%2F%2Fen.wikipedia.org%2Fwiki%2FSesshomaru"
}]}
