{"suspicious-document":"suspicious-document051-batch1.html",
"language":"en",
"plagiarism":[{
"id":4,
"color":"#DEDEDE",
"source-url":"http://webis15.medien.uni-weimar.de/chatnoir/clueweb?id=100021900937" 
},{
"id":7,
"color":"#A52A2A",
"source-url":"http://webis15.medien.uni-weimar.de/chatnoir/clueweb?id=100020503600" 
},{
"id":11,
"color":"#DEB887",
"source-url":"http://webis15.medien.uni-weimar.de/chatnoir/clueweb?id=00385133785" 
},{
"id":18,
"color":"#BDB76B",
"source-url":"http://webis15.medien.uni-weimar.de/chatnoir/clueweb?href=http%3A%2F%2Fen.wikipedia.org%2Fwiki%2FHorse_hoof" 
},{
"id":22,
"color":"#3CB371",
"source-url":"http://webis15.medien.uni-weimar.de/chatnoir/clueweb?id=100015617036" 
},{
"id":26,
"color":"#ADDFFF",
"source-url":"http://webis15.medien.uni-weimar.de/chatnoir/clueweb?id=00084316164" 
},{
"id":30,
"color":"#E6A9EC",
"source-url":"http://webis15.medien.uni-weimar.de/chatnoir/clueweb?id=00066104354" 
}]}
