{"suspicious-document":"suspicious-document076-batch1.html",
"language":"en",
"plagiarism":[{
"id":2,
"color":"#708090",
"source-url":"http://webis15.medien.uni-weimar.de/chatnoir/clueweb?id=00040430819"
},{
"id":6,
"color":"#F75D59",
"source-url":"http://webis15.medien.uni-weimar.de/chatnoir/clueweb?id=00061221291" 
},{
"id":8,
"color":"#F88017",
"source-url":"http://webis15.medien.uni-weimar.de/chatnoir/clueweb?id=00070322435" 
},{
"id":10,
"color":"#FDD017",
"source-url":"http://webis15.medien.uni-weimar.de/chatnoir/clueweb?id=00116115267" 
},{
"id":12,
"color":"#F9966B",
"source-url":"http://webis15.medien.uni-weimar.de/chatnoir/clueweb?id=00375933996" 
},{
"id":19,
"color":"#98FB98",
"source-url":"http://webis15.medien.uni-weimar.de/chatnoir/clueweb?id=00017215571" 
},{
"id":21,
"color":"#32CD32",
"source-url":"http://webis15.medien.uni-weimar.de/chatnoir/clueweb?id=00021121202" 
},{
"id":24,
"color":"#3EA99F",
"source-url":"http://webis15.medien.uni-weimar.de/chatnoir/clueweb?id=00116115262" 
},{
"id":28,
"color":"#7FFFD4",
"source-url":"http://webis15.medien.uni-weimar.de/chatnoir/clueweb?id=00071027958" 
},{
"id":29,
"color":"#9E7BFF",
"source-url":"http://webis15.medien.uni-weimar.de/chatnoir/clueweb?id=00305022240" 
},{
"id":30,
"color":"#E6A9EC",
"source-url":"http://webis15.medien.uni-weimar.de/chatnoir/clueweb?id=01080114932" 
}]}
