{"suspicious-document":"suspicious-document078-batch1.html",
"language":"en",
"plagiarism":[{
"id":5,
"color":"#E3E4FA",
"source-url":"http://webis15.medien.uni-weimar.de/chatnoir/clueweb?id=00015007932" 
},{
"id":8,
"color":"#F88017",
"source-url":"http://webis15.medien.uni-weimar.de/chatnoir/clueweb?href=http%3A%2F%2Flifestyle.iloveindia.com%2Flounge%2Fhealthy-eating-for-weight-loss-3013.html" 
},{
"id":9,
"color":"#EDDA74",
"source-url":"http://webis15.medien.uni-weimar.de/chatnoir/clueweb?href=http%3A%2F%2Flifestyle.iloveindia.com%2Flounge%2Fliquid-fasting-4159.html" 
},{
"id":11,
"color":"#DEB887",
"source-url":"http://webis15.medien.uni-weimar.de/chatnoir/clueweb?id=00036404326" 
},{
"id":12,
"color":"#F9966B",
"source-url":"http://webis15.medien.uni-weimar.de/chatnoir/clueweb?id=00062034218" 
},{
"id":14,
"color":"#D2691E",
"source-url":"http://webis15.medien.uni-weimar.de/chatnoir/clueweb?id=100032718643" 
},{
"id":16,
"color":"#EE9A4D",
"source-url":"http://webis15.medien.uni-weimar.de/chatnoir/clueweb?href=http%3A%2F%2Frecipes.howstuffworks.com%2Fdiet6.htm" 
},{
"id":19,
"color":"#98FB98",
"source-url":"http://webis15.medien.uni-weimar.de/chatnoir/clueweb?id=01338241092" 
},{
"id":20,
"color":"#BCE954",
"source-url":"http://webis15.medien.uni-weimar.de/chatnoir/clueweb?id=00010705311" 
},{
"id":21,
"color":"#32CD32",
"source-url":"http://webis15.medien.uni-weimar.de/chatnoir/clueweb?id=00007229598" 
},{
"id":25,
"color":"#92C7C7",
"source-url":"http://webis15.medien.uni-weimar.de/chatnoir/clueweb?id=00018713696" 
},{
"id":26,
"color":"#ADDFFF",
"source-url":"http://webis15.medien.uni-weimar.de/chatnoir/clueweb?href=http%3A%2F%2Flifestyle.iloveindia.com%2Flounge%2Fcleansing-diet-735.html" 
},{
"id":27,
"color":"#C5F5DC",
"source-url":"http://webis15.medien.uni-weimar.de/chatnoir/clueweb?href=http%3A%2F%2Flifestyle.iloveindia.com%2Flounge%2Ffoods-to-avoid-while-dieting-2295.html" 
},{
"id":28,
"color":"#7FFFD4",
"source-url":"http://webis15.medien.uni-weimar.de/chatnoir/clueweb?href=http%3A%2F%2Fwww.diet-i.com%2Flow-cholesterol-diet-recipes.htm" 
}]}
