{"suspicious-document": "suspicious-document043-batch1.html",
"language": "en",
"plagiarism":[{
"id":2,
"color":"#708090",
"source-url":"http://webis15.medien.uni-weimar.de/chatnoir/clueweb?id=100012415043"
},{
"id":3,
"color":"A9A9A9",
"source-url":"http://webis15.medien.uni-weimar.de/chatnoir/clueweb?id=100022105906"
},{
"id":4,
"color":"DEDEDE",
"source-url":"http://webis15.medien.uni-weimar.de/chatnoir/clueweb?href=http%3A%2F%2Fen.wikipedia.org%2Fwiki%2FFrances_Hodgson_Burnett"
},{
"id":6,
"color":"F75D59",
"source-url":"http://webis15.medien.uni-weimar.de/chatnoir/clueweb?id=100030108443"
},{
"id":7,
"color":"A52A2A",
"source-url":"http://webis15.medien.uni-weimar.de/chatnoir/clueweb?id=00187231524"
},{
"id":8,
"color":"F88017",
"source-url":"http://webis15.medien.uni-weimar.de/chatnoir/clueweb?id=00513030203"
},{
"id":9,
"color":"EDDA74",
"source-url":"http://webis15.medien.uni-weimar.de/chatnoir/clueweb?href=http%3A%2F%2Fen.wikipedia.org%2Fwiki%2FLittle_Lord_Fauntleroy"
},{
"id":10,
"color":"FDD017",
"source-url":"http://webis15.medien.uni-weimar.de/chatnoir/clueweb?id=00397735293"
},{
"id":11,
"color":"DEB887",
"source-url":"http://webis15.medien.uni-weimar.de/chatnoir/clueweb?href=http%3A%2F%2Fen.wikipedia.org%2Fwiki%2FHimitsu_no_Hanazono"
},{
"id":12,
"color":"F9966B",
"source-url":"http://webis15.medien.uni-weimar.de/chatnoir/clueweb?id=00508208570"
},{
"id":14,
"color":"D2691E",
"source-url":"http://webis15.medien.uni-weimar.de/chatnoir/clueweb?id=100020410738"
},{
"id":15,
"color":"CD853F",
"source-url":"http://webis15.medien.uni-weimar.de/chatnoir/clueweb?id=00728919994"
},{
"id":16,
"color":"EE9A4D",
"source-url":"http://webis15.medien.uni-weimar.de/chatnoir/clueweb?id=00408541082"
}]}
