{"suspicious-document": "suspicious-document039-batch1.html",
"language":"en",
"plagiarism":[{
"id":2,
"color":"#708090",
"source-url":"http://webis15.medien.uni-weimar.de/chatnoir/clueweb?id=00073901727"
},{
"id":3,
"color":"A9A9A9",
"source-url":"http://webis15.medien.uni-weimar.de/chatnoir/clueweb?id=00060003283"
},{
"id":4,
"color":"DEDEDE",
"source-url":"http://webis15.medien.uni-weimar.de/chatnoir/clueweb?href=http%3A%2F%2Fwww.family-vacation-getaways-at-los-angeles-theme-parks.com%2FAnaheim-Disneyland-Hotel.html"
},{
"id":5,
"color":"E3E4FA",
"source-url":"http://webis15.medien.uni-weimar.de/chatnoir/clueweb?href=http%3A%2F%2Fen.wikipedia.org%2Fwiki%2FDisney%2527s_Grand_Californian_Hotel_%2526_Spa"
},{
"id":6,
"color":"F75D59",
"source-url":"http://webis15.medien.uni-weimar.de/chatnoir/clueweb?href=http%3A%2F%2Fwww.family-vacation-getaways-at-los-angeles-theme-parks.com%2FDisneyland-Paradise-Pier-Hotel.html"
},{
"id":7,
"color":"A52A2A",
"source-url":"http://webis15.medien.uni-weimar.de/chatnoir/clueweb?id=00248932737"
},{
"id":8,
"color":"F88017",
"source-url":"http://webis15.medien.uni-weimar.de/chatnoir/clueweb?id=00043501716"
},{
"id":9,
"color":"EDDA74",
"source-url":"http://webis15.medien.uni-weimar.de/chatnoir/clueweb?id=00048522003"
},{
"id":10,
"color":"FDD017",
"source-url":"http://webis15.medien.uni-weimar.de/chatnoir/clueweb?id=00043501714"
},{
"id":11,
"color":"DEB887",
"source-url":"http://webis15.medien.uni-weimar.de/chatnoir/clueweb?id=00043501713"
},{
"id":12,
"color":"F9966B",
"source-url":"http://webis15.medien.uni-weimar.de/chatnoir/clueweb?id=00248932738"
},{
"id":13,
"color":"E9967A",
"source-url":"http://webis15.medien.uni-weimar.de/chatnoir/clueweb?id=00312713545"
},{
"id":14,
"color":"D2691E",
"source-url":"http://webis15.medien.uni-weimar.de/chatnoir/clueweb?id=00383612386"
}]}
